{
    "日志设置": {
        "aiChat": false,
        "aiShell": false,
        "dataSet": false,
        "MAGI": false,
        "event": false,
        "actionList":true
    },
    "向量工具设置": {
        "默认文本向量化模型": {
            "$value":"leolee9086/text2vec-base-chinese",
            "$type":"singleSelect",
            "options":["leolee9086/text2vec-base-chinese","openAI"]
        },
        "默认模型托管平台":{
            "$value":"huggingface",
            "$type":"singleSelect",
            "options":["huggingface","gitee","github"]
        },
        "最大句子长度": 496,
        "块索引分片大小":10,
        "索引占用核心":1,
        "手动索引":true,
        "同步时忽略向量存储文件夹":false,
        "同步时忽略向量模型文件夹":false
    },
    "聊天工具设置": {
        "默认AI": {
            "$value":"paimon",
            "$type":"singleSelect",
            "options":["paimon","REI01"]
        },
        "决策级别": 0,
        "默认工作记忆长度": 7,
        "自动工作记忆总结":false,
        "自动短期记忆总结":false,
        "默认短期记忆长度":20,
        "自动对话备份":true,
        "对话备份自动清理":false,
        "自动给出参考": false,
        "自动发送最近文档": false,
        "自动发送当前搜索结果": false,
        "自动发送上一次选择的块":false,
        "默认参考数量": 10,
        "参考文字最大长度": 36,
        "基础模型接口": {
            "$value":"ChatGPT",
            "$type":"singleSelect",
            "options":["SPARK","RWKV","OPENAI"]
        }
    },
    "模型设置": {
        "SPARK": {
            "appid": "",
            "api_key": "",
            "api_secret": "",
            "Spark_url": "",
            "domain": ""
        },
        "RWKV": {
            "apiBaseURL": "",
            "apiKey": "",
            "apiMaxTokens": 0,
            "apiModel": "",
            "apiProxy": "",
            "apiTimeout": 60
        },
        "OPENAI": {
            "apiBaseURL": "",
            "apiKey": "",
            "apiMaxTokens": 0,
            "apiModel": "",
            "apiProxy": "",
            "apiTimeout": 60
        }
    },
    "动作设置":{
        "块标动作设置": {},
        "关键词动作设置": {},
        "默认开启新动作表":true,
        "空格键调用动作":false,
        "上下键选择动作":false,
        "关闭动作监听":false,
        "情景模式":{
            "$value":"情景1",
            "$type":"singleSelect",
            "options":["情景1","情景2","情景3"]
        }
    }
}